Artist,Country,Title,Date,Status
Radiohead,GB,Pablo Honey,1993-02-22,Official
Radiohead,GB,Drill,1992-05-05,Official
Radiohead,GB,Creep,1993-09-06,Official
Radiohead,GB,Pop Is Dead,1993-05-10,Official
Radiohead,US,Pablo Honey,1993-04-20,Official
Radiohead,XE,Pablo Honey,1993-02-22,Official
Radiohead,GB,Radiohead,1992,Promotion
Radiohead,US,Pablo Honey,1993-02-22,Official
Radiohead,GB,Creep,1993-09-06,Official
Radiohead,GB,Drill,1992-05-05,Official
Radiohead,CA,Pablo Honey,1993-04-20,Official
Radiohead,XE,Pablo Honey,1993-02-22,Official
Radiohead,XE,Creep,1992-09-21,Official
Radiohead,GB,Anyone Can Play Guitar,1993-02-01,Official
Radiohead,GB,Drill,1992-05-05,Official
Radiohead,GB,Drill,1992,Official
Radiohead,GB,Pop Is Dead,1993-05-10,Official
Radiohead,GB,"1993-09-02: Signal Radio Studios: Cheshire, UK",1993-09-02,Bootleg
Radiohead,GB,Pablo Honey,1993-02-22,Official
Radiohead,US,Creep,1992,Official
Radiohead,GB,Radiohead,1991,Promotion
Radiohead,GB,Creep,1993-09-06,Official
Radiohead,GB,Creep,1992-09-21,Official
Radiohead,GB,"1992‐11‐11: Huddersfield University, Huddersfield, UK",1992,Bootleg